{"cameraMode":{"drawMode":0,"name":"Shaded","section":"Shading Mode"},"sceneLighting":false,"audioPlay":false,"sceneViewState":{"m_AlwaysRefresh":false,"showFog":true,"showSkybox":false,"showFlares":true,"showImageEffects":true,"showParticleSystems":true,"showVisualEffectGraphs":true,"m_FxEnabled":true},"in2DMode":false,"pivot":{"x":-5.616203784942627,"y":0.722565233707428,"z":254.56185913085938},"rotation":{"x":0.031569331884384158,"y":-0.029992740601301194,"z":0.0010560423834249378,"w":0.9991109371185303},"size":2.6499364376068117,"orthographic":false}